{
  "final_value": 1000060.1479999999,
  "bankrupt": false,
  "pd_ratio_portfolio": 5.26724137931035,
  "activity_pct": 24.0,
  "end_policy": "liquidate",
  "s_mult": 2.0
}