{
  "final_value": 1007190.6416574002,
  "bankrupt": false,
  "pd_ratio_portfolio": 5.567097507101273,
  "activity_pct": 89.75501113585746,
  "end_policy": "liquidate",
  "s_mult": 2.0
}