{
  "final_value": 1000153.0205160017,
  "bankrupt": false,
  "pd_ratio_portfolio": 0.5243905094613889,
  "activity_pct": 96.996996996997,
  "end_policy": "liquidate",
  "s_mult": 1.0
}