{
  "final_value": 999744.8922402436,
  "bankrupt": false,
  "pd_ratio_portfolio": -0.7365276236932207,
  "activity_pct": 95.7957957957958,
  "end_policy": "liquidate",
  "s_mult": 2.0
}