{
  "final_value": 1002687.0936504004,
  "bankrupt": false,
  "pd_ratio_portfolio": 4.225982799575141,
  "activity_pct": 94.87750556792874,
  "end_policy": "liquidate",
  "s_mult": 2.0
}