{
  "final_value": 999557.20064,
  "bankrupt": false,
  "pd_ratio_portfolio": -0.23812349155758966,
  "activity_pct": 94.65478841870824,
  "end_policy": "liquidate",
  "s_mult": 2.0
}