{
  "final_value": 1000241.6506230002,
  "bankrupt": false,
  "pd_ratio_portfolio": 0.20350313018659216,
  "activity_pct": 94.65478841870824,
  "end_policy": "liquidate",
  "s_mult": 2.0
}