{
  "final_value": 1005607.1256740006,
  "bankrupt": false,
  "pd_ratio_portfolio": 5.101385760272328,
  "activity_pct": 94.87750556792874,
  "end_policy": "liquidate",
  "s_mult": 2.0
}