{
  "final_value": 999804.1395114005,
  "bankrupt": false,
  "pd_ratio_portfolio": -0.0706725948773637,
  "activity_pct": 94.87750556792874,
  "end_policy": "liquidate",
  "s_mult": 2.0
}