{
  "final_value": 1005565.6222804002,
  "bankrupt": false,
  "pd_ratio_portfolio": 5.05402159084816,
  "activity_pct": 94.65478841870824,
  "end_policy": "liquidate",
  "s_mult": 2.0
}