{
  "final_value": 1000087.9679999999,
  "bankrupt": false,
  "pd_ratio_portfolio": 7.724137931034489,
  "activity_pct": 25.333333333333332,
  "end_policy": "liquidate",
  "s_mult": 2.0
}