{
  "final_value": 1006971.4074341998,
  "bankrupt": false,
  "pd_ratio_portfolio": 5.396930590193293,
  "activity_pct": 89.75501113585746,
  "end_policy": "liquidate",
  "s_mult": 2.0
}