{
  "final_value": 999989.6357767999,
  "bankrupt": false,
  "pd_ratio_portfolio": -0.006326620682198443,
  "activity_pct": 74.61024498886414,
  "end_policy": "liquidate",
  "s_mult": 2.0
}