{
  "final_value": 1000958.670017,
  "bankrupt": false,
  "pd_ratio_portfolio": 2.4189090164787084,
  "activity_pct": 89.75501113585746,
  "end_policy": "liquidate",
  "s_mult": 2.0
}