{
  "final_value": 1000986.490017,
  "bankrupt": false,
  "pd_ratio_portfolio": 2.4897294797459217,
  "activity_pct": 89.75501113585746,
  "end_policy": "liquidate",
  "s_mult": 2.0
}