{
  "final_value": 1004388.9619157995,
  "bankrupt": false,
  "pd_ratio_portfolio": 4.586050017052203,
  "activity_pct": 89.75501113585746,
  "end_policy": "liquidate",
  "s_mult": 2.0
}