{
  "final_value": 1000122.9346681999,
  "bankrupt": false,
  "pd_ratio_portfolio": 0.12602779282167395,
  "activity_pct": 90.42316258351893,
  "end_policy": "liquidate",
  "s_mult": 2.0
}