{
  "final_value": 999485.3006851998,
  "bankrupt": false,
  "pd_ratio_portfolio": -0.3400455932621317,
  "activity_pct": 90.42316258351893,
  "end_policy": "liquidate",
  "s_mult": 2.0
}