{
  "final_value": 999929.4877768,
  "bankrupt": false,
  "pd_ratio_portfolio": -0.05636298045409779,
  "activity_pct": 74.61024498886414,
  "end_policy": "liquidate",
  "s_mult": 2.0
}