{
  "final_value": 1005400.8491688003,
  "bankrupt": false,
  "pd_ratio_portfolio": 4.9069072700977285,
  "activity_pct": 94.87750556792874,
  "end_policy": "liquidate",
  "s_mult": 2.0
}