{
  "final_value": 1003087.7667619999,
  "bankrupt": false,
  "pd_ratio_portfolio": 4.766838191534318,
  "activity_pct": 94.65478841870824,
  "end_policy": "liquidate",
  "s_mult": 2.0
}