{
  "final_value": 1000137.7426681998,
  "bankrupt": false,
  "pd_ratio_portfolio": 0.14016520335816932,
  "activity_pct": 90.42316258351893,
  "end_policy": "liquidate",
  "s_mult": 2.0
}