{
  "final_value": 1005546.0743255998,
  "bankrupt": false,
  "pd_ratio_portfolio": 4.305250597206586,
  "activity_pct": 90.42316258351893,
  "end_policy": "liquidate",
  "s_mult": 2.0
}