{
  "final_value": 999791.5095114005,
  "bankrupt": false,
  "pd_ratio_portfolio": -0.07664091427923307,
  "activity_pct": 94.87750556792874,
  "end_policy": "liquidate",
  "s_mult": 2.0
}