{
  "final_value": 999121.9475284002,
  "bankrupt": false,
  "pd_ratio_portfolio": -0.3778959166873716,
  "activity_pct": 94.87750556792874,
  "end_policy": "liquidate",
  "s_mult": 2.0
}