{
  "final_value": 1007359.6781626,
  "bankrupt": false,
  "pd_ratio_portfolio": 5.094239417584236,
  "activity_pct": 89.75501113585746,
  "end_policy": "liquidate",
  "s_mult": 2.0
}