{
  "final_value": 1000216.8906230003,
  "bankrupt": false,
  "pd_ratio_portfolio": 0.18494935194507686,
  "activity_pct": 94.65478841870824,
  "end_policy": "liquidate",
  "s_mult": 2.0
}