{
  "final_value": 1007162.8216574003,
  "bankrupt": false,
  "pd_ratio_portfolio": 5.545435014039466,
  "activity_pct": 89.75501113585746,
  "end_policy": "liquidate",
  "s_mult": 2.0
}