{
  "final_value": 1004588.8961389997,
  "bankrupt": false,
  "pd_ratio_portfolio": 4.788528207287061,
  "activity_pct": 89.75501113585746,
  "end_policy": "liquidate",
  "s_mult": 2.0
}