{
  "final_value": 1007120.2439393997,
  "bankrupt": false,
  "pd_ratio_portfolio": 5.0769647390878605,
  "activity_pct": 89.75501113585746,
  "end_policy": "liquidate",
  "s_mult": 2.0
}