{
  "final_value": 1000735.5557937998,
  "bankrupt": false,
  "pd_ratio_portfolio": 1.8657203881530198,
  "activity_pct": 89.75501113585746,
  "end_policy": "liquidate",
  "s_mult": 2.0
}