{
  "final_value": 1004616.7161389998,
  "bankrupt": false,
  "pd_ratio_portfolio": 4.817547651862629,
  "activity_pct": 89.75501113585746,
  "end_policy": "liquidate",
  "s_mult": 2.0
}