{
  "final_value": 1007331.8581626002,
  "bankrupt": false,
  "pd_ratio_portfolio": 5.075030258721993,
  "activity_pct": 89.75501113585746,
  "end_policy": "liquidate",
  "s_mult": 2.0
}