{
  "final_value": 1002925.3348071995,
  "bankrupt": false,
  "pd_ratio_portfolio": 3.446574961184445,
  "activity_pct": 90.42316258351893,
  "end_policy": "liquidate",
  "s_mult": 2.0
}