{
  "final_value": 1005702.2868307995,
  "bankrupt": false,
  "pd_ratio_portfolio": 4.086097181557611,
  "activity_pct": 90.42316258351893,
  "end_policy": "liquidate",
  "s_mult": 2.0
}