{
  "final_value": 1000027.82,
  "bankrupt": false,
  "pd_ratio_portfolio": 5.816326530612245,
  "activity_pct": 1.3333333333333333,
  "end_policy": "liquidate",
  "s_mult": 2.0
}