{
  "final_value": 1005762.8987856003,
  "bankrupt": false,
  "pd_ratio_portfolio": 5.242527410048226,
  "activity_pct": 94.65478841870824,
  "end_policy": "liquidate",
  "s_mult": 2.0
}