{
  "final_value": 1003796.0627857996,
  "bankrupt": false,
  "pd_ratio_portfolio": 3.604755398706162,
  "activity_pct": 95.69569569569569,
  "end_policy": "liquidate",
  "s_mult": 1.0
}