{
  "final_value": 1003247.2710427977,
  "bankrupt": false,
  "pd_ratio_portfolio": 5.625703947244178,
  "activity_pct": 97.49749749749749,
  "end_policy": "liquidate",
  "s_mult": 1.0
}